Household Income Bucket ID,Household Income Bucket,Year,Household_Income,Household Income Moe,State,State ID,share
0,"< $10,000",2013,8380364,19177,"United States","01000US",0.07248809222880441
0,"< $10,000",2014,8395338,16627,"United States","01000US",0.07224214019088643
0,"< $10,000",2015,8421482,18763,"United States","01000US",0.07202384442063743
0,"< $10,000",2016,8243664,18695,"United States","01000US",0.07002996536493092
0,"< $10,000",2017,7942251,17662,"United States","01000US",0.06683938094618261
0,"< $10,000",2018,7584305,18464,"United States","01000US",0.06334500034945256
0,"< $10,000",2019,7302871,18046,"United States","01000US",0.06047623386946217
0,"< $10,000",2020,7145751,24748,"United States","01000US",0.05840216265856758
0,"< $10,000",2021,6835028,25393,"United States","01000US",0.05511630775439648
0,"< $10,000",2022,6192080,22306,"United States","01000US",0.04924653731606165
0,"< $10,000",2023,6214601,26414,"United States","01000US",0.04874852004620386
1,"$10,000-$14,999",2013,6214548,16925,"United States","01000US",0.05375431527608252
1,"$10,000-$14,999",2014,6189386,15777,"United States","01000US",0.05325985578037594
1,"$10,000-$14,999",2015,6161477,15350.000000000002,"United States","01000US",0.05269538791976707
1,"$10,000-$14,999",2016,6000362,20040,"United States","01000US",0.050973104075693484
1,"$10,000-$14,999",2017,5768114,16409,"United States","01000US",0.04854255663627467
1,"$10,000-$14,999",2018,5507051,15243,"United States","01000US",0.04599553255300955
1,"$10,000-$14,999",2019,5189583,15224,"United States","01000US",0.04297576051842968
1,"$10,000-$14,999",2020,5020097,17141,"United States","01000US",0.04102921044349112
1,"$10,000-$14,999",2021,4848344,17701,"United States","01000US",0.03909608270853926
1,"$10,000-$14,999",2022,4743710,20611,"United States","01000US",0.03772743432442326
1,"$10,000-$14,999",2023,4531954,20357,"United States","01000US",0.035549514830875505
2,"$15,000-$19,999",2013,6236898,17145,"United States","01000US",0.05394763729184625
2,"$15,000-$19,999",2014,6225984,18669,"United States","01000US",0.05357478268941832
2,"$15,000-$19,999",2015,6139644,16066,"United States","01000US",0.05250866346969572
2,"$15,000-$19,999",2016,5958713,16103.999999999998,"United States","01000US",0.050619295620195535
2,"$15,000-$19,999",2017,5727180,16801,"United States","01000US",0.04819806951043956
2,"$15,000-$19,999",2018,5488289,17043,"United States","01000US",0.045838830139728906
2,"$15,000-$19,999",2019,5300624,15337,"United States","01000US",0.04389530866396025
2,"$15,000-$19,999",2020,5030224,16026,"United States","01000US",0.04111197832908402
2,"$15,000-$19,999",2021,4672903,17092,"United States","01000US",0.037681361342549374
2,"$15,000-$19,999",2022,4235151,17229,"United States","01000US",0.03368278862040797
2,"$15,000-$19,999",2023,3984613,16995,"United States","01000US",0.03125606723695769
3,"$20,000-$24,999",2013,6231706,17720,"United States","01000US",0.053902727765857646
3,"$20,000-$24,999",2014,6176944,17017,"United States","01000US",0.05315279198994189
3,"$20,000-$24,999",2015,6227524,15413,"United States","01000US",0.05326024798269303
3,"$20,000-$24,999",2016,6094929,15803,"United States","01000US",0.051776451195938246
3,"$20,000-$24,999",2017,5910725,17864,"United States","01000US",0.04974272406438996
3,"$20,000-$24,999",2018,5658672,16600,"United States","01000US",0.04726188883720228
3,"$20,000-$24,999",2019,5459520,16244,"United States","01000US",0.04521115166008083
3,"$20,000-$24,999",2020,5329476,20676,"United States","01000US",0.04355776240131123
3,"$20,000-$24,999",2021,4947418,19661,"United States","01000US",0.03989499575973072
3,"$20,000-$24,999",2022,4587937,18658,"United States","01000US",0.03648854838345757
3,"$20,000-$24,999",2023,4386074,17832,"United States","01000US",0.034405204181754155
4,"$25,000-$29,999",2013,5929562,13959.000000000002,"United States","01000US",0.05128925630586141
4,"$25,000-$29,999",2014,5936983,15704.000000000002,"United States","01000US",0.05108792024775053
4,"$25,000-$29,999",2015,5852048,17935,"United States","01000US",0.05004902874507152
4,"$25,000-$29,999",2016,5771744,15215.999999999998,"United States","01000US",0.04903099306512831
4,"$25,000-$29,999",2017,5619002,16113.000000000002,"United States","01000US",0.04728767892318714
4,"$25,000-$29,999",2018,5558387,15816,"United States","01000US",0.046424296815251044
4,"$25,000-$29,999",2019,5285952,16670,"United States","01000US",0.043773807503206794
4,"$25,000-$29,999",2020,5187269,18811,"United States","01000US",0.04239550578962872
4,"$25,000-$29,999",2021,5044233,20052,"United States","01000US",0.04067569268375823
4,"$25,000-$29,999",2022,4701374,19434,"United States","01000US",0.037390729791566324
4,"$25,000-$29,999",2023,4377379,16375,"United States","01000US",0.034336998937072837
5,"$30,000-$34,999",2013,6000199,15505.999999999998,"United States","01000US",0.05190024902297562
5,"$30,000-$34,999",2014,5933726,15136.999999999998,"United States","01000US",0.05105989366316255
5,"$30,000-$34,999",2015,5951926,15584.000000000002,"United States","01000US",0.05090322489879416
5,"$30,000-$34,999",2016,5856803,14451,"United States","01000US",0.049753569679601636
5,"$30,000-$34,999",2017,5711286,15891,"United States","01000US",0.04806431081649264
5,"$30,000-$34,999",2018,5559047,15601,"United States","01000US",0.04642980921226444
5,"$30,000-$34,999",2019,5506182,18565,"United States","01000US",0.04559756708831677
5,"$30,000-$34,999",2020,5382215,20154,"United States","01000US",0.043988797803531404
5,"$30,000-$34,999",2021,5096729,17836,"United States","01000US",0.041099009997436355
5,"$30,000-$34,999",2022,4608052,17944,"United States","01000US",0.03664852598357136
5,"$30,000-$34,999",2023,4349182,18674,"United States","01000US",0.03411581627068077
6,"$35,000-$39,999",2013,5410067,15255.999999999998,"United States","01000US",0.04679575202938813
6,"$35,000-$39,999",2014,5456901,15294,"United States","01000US",0.04695679995847556
6,"$35,000-$39,999",2015,5436927,15238,"United States","01000US",0.04649874978945071
6,"$35,000-$39,999",2016,5404041,15856,"United States","01000US",0.04590735431000908
6,"$35,000-$39,999",2017,5332778,16488,"United States","01000US",0.044878911563412165
6,"$35,000-$39,999",2018,5192595,16659,"United States","01000US",0.04336915934809658
6,"$35,000-$39,999",2019,5093804,14176,"United States","01000US",0.04218259941729792
6,"$35,000-$39,999",2020,4960174,20596,"United States","01000US",0.04053946026985796
6,"$35,000-$39,999",2021,4799326,20297,"United States","01000US",0.038700811295824485
6,"$35,000-$39,999",2022,4479480,17112,"United States","01000US",0.03562597365934417
6,"$35,000-$39,999",2023,4453830,19351,"United States","01000US",0.03493669521782398
7,"$40,000-$44,999",2013,5465384,13996,"United States","01000US",0.04727423050571932
7,"$40,000-$44,999",2014,5431366,14063,"United States","01000US",0.0467370705027021
7,"$40,000-$44,999",2015,5428388,16329,"United States","01000US",0.04642572088462044
7,"$40,000-$44,999",2016,5408687,15420.000000000002,"United States","01000US",0.045946822102374885
7,"$40,000-$44,999",2017,5354520,15415.000000000002,"United States","01000US",0.04506188510838473
7,"$40,000-$44,999",2018,5276041,16523,"United States","01000US",0.04406611007715618
7,"$40,000-$44,999",2019,5081209,16048.000000000002,"United States","01000US",0.042078298223207834
7,"$40,000-$44,999",2020,5128434,16706,"United States","01000US",0.041914647830819794
7,"$40,000-$44,999",2021,4968184,18951,"United States","01000US",0.04006244865777705
7,"$40,000-$44,999",2022,4465681,17575,"United States","01000US",0.03551622815081967
7,"$40,000-$44,999",2023,4455770,20690,"United States","01000US",0.034951912949242235
8,"$45,000-$49,999",2013,4847697,14804,"United States","01000US",0.04193138952356944
8,"$45,000-$49,999",2014,4792866,14866,"United States","01000US",0.041242758479543416
8,"$45,000-$49,999",2015,4807116,14457,"United States","01000US",0.041112357052589664
8,"$45,000-$49,999",2016,4775997,15270.999999999998,"United States","01000US",0.04057211750661041
8,"$45,000-$49,999",2017,4725195,16890,"United States","01000US",0.03976569220111494
8,"$45,000-$49,999",2018,4656185,15063,"United States","01000US",0.03888900043604731
8,"$45,000-$49,999",2019,4647032,14255,"United States","01000US",0.038482809573231476
8,"$45,000-$49,999",2020,4601774,18581,"United States","01000US",0.037610260092461545
8,"$45,000-$49,999",2021,4395258,19365,"United States","01000US",0.035442487227261274
8,"$45,000-$49,999",2022,4518761,18906,"United States","01000US",0.03593838132079431
8,"$45,000-$49,999",2023,4398710,18047,"United States","01000US",0.034504323384950596
9,"$50,000-$59,999",2013,9249964,20676,"United States","01000US",0.08000991884661819
9,"$50,000-$59,999",2014,9179218,24284,"United States","01000US",0.07898745155927113
9,"$50,000-$59,999",2015,9192915,22197,"United States","01000US",0.07862144450729029
9,"$50,000-$59,999",2016,9199672,22260,"United States","01000US",0.0781512579271456
9,"$50,000-$59,999",2017,9181800,20965,"United States","01000US",0.07727101900602984
9,"$50,000-$59,999",2018,9140757,23730,"United States","01000US",0.07634466907109629
9,"$50,000-$59,999",2019,9090005,22946,"United States","01000US",0.07527577417902911
9,"$50,000-$59,999",2020,9122890,26253,"United States","01000US",0.0745613030311607
9,"$50,000-$59,999",2021,8982113,24548,"United States","01000US",0.07242997459451014
9,"$50,000-$59,999",2022,8700174,23712,"United States","01000US",0.06919378359892465
9,"$50,000-$59,999",2023,8419282,23409,"United States","01000US",0.06604245990235628
10,"$60,000-$74,999",2013,11494081,28807.999999999996,"United States","01000US",0.09942098023586428
10,"$60,000-$74,999",2014,11540101,29474.000000000004,"United States","01000US",0.09930292196204472
10,"$60,000-$74,999",2015,11634324,35808,"United States","01000US",0.09950133975412975
10,"$60,000-$74,999",2016,11714107,31280.999999999996,"United States","01000US",0.09951139535661507
10,"$60,000-$74,999",2017,11818514,30722.999999999996,"United States","01000US",0.0994607397152007
10,"$60,000-$74,999",2018,11769465,34020,"United States","01000US",0.09829994502302712
10,"$60,000-$74,999",2019,11699885,30719,"United States","01000US",0.09688860470160468
10,"$60,000-$74,999",2020,11911889,32548,"United States","01000US",0.09735576833684828
10,"$60,000-$74,999",2021,11863218,31009.000000000004,"United States","01000US",0.09566263287370526
10,"$60,000-$74,999",2022,11528244,30460.000000000004,"United States","01000US",0.09168584681313287
10,"$60,000-$74,999",2023,11657731,28742,"United States","01000US",0.09144547386819397
11,"$75,000-$99,999",2013,14107031,52951,"United States","01000US",0.12202235657097985
11,"$75,000-$99,999",2014,14125429,47784,"United States","01000US",0.12154974845258316
11,"$75,000-$99,999",2015,14166538,49496,"United States","01000US",0.12115783527068609
11,"$75,000-$99,999",2016,14361853,53518,"United States","01000US",0.12200401037284261
11,"$75,000-$99,999",2017,14636046,49159,"United States","01000US",0.12317216544023252
11,"$75,000-$99,999",2018,14937330,47276,"United States","01000US",0.12475832315154628
11,"$75,000-$99,999",2019,15374617,51444,"United States","01000US",0.12731964365047788
11,"$75,000-$99,999",2020,15613243,47722,"United States","01000US",0.1276069033630953
11,"$75,000-$99,999",2021,15895589,44008,"United States","01000US",0.12817887143423545
11,"$75,000-$99,999",2022,16085302,41834,"United States","01000US",0.127928809896371
11,"$75,000-$99,999",2023,16202717,39481,"United States","01000US",0.1270972142020812
12,"$100,000-$124,999",2013,9285899,44286,"United States","01000US",0.08032074777889871
12,"$100,000-$124,999",2014,9410154,45348,"United States","01000US",0.08097466290050867
12,"$100,000-$124,999",2015,9581177,47995,"United States","01000US",0.08194201467325937
12,"$100,000-$124,999",2016,9856915,44470,"United States","01000US",0.08373454037610802
12,"$100,000-$124,999",2017,10273788,47842,"United States","01000US",0.08646083206037174
12,"$100,000-$124,999",2018,10600942,51888,"United States","01000US",0.08854030457563697
12,"$100,000-$124,999",2019,11019036,49867,"United States","01000US",0.09125038606761957
12,"$100,000-$124,999",2020,11455250,46295,"United States","01000US",0.09362366164096066
12,"$100,000-$124,999",2021,11904114,48316,"United States","01000US",0.09599241009216344
12,"$100,000-$124,999",2022,12442523,43284,"United States","01000US",0.09895724429036049
12,"$100,000-$124,999",2023,12824682,44195,"United States","01000US",0.10059926092812552
13,"$125,000-$149,999",2013,5572340,31574,"United States","01000US",0.04819937366088824
13,"$125,000-$149,999",2014,5713601,31533,"United States","01000US",0.04916571130748862
13,"$125,000-$149,999",2015,5775363,31309.000000000004,"United States","01000US",0.04939318829924541
13,"$125,000-$149,999",2016,6028908,33311,"United States","01000US",0.051215602483113694
13,"$125,000-$149,999",2017,6428069,37952,"United States","01000US",0.054096521583030695
13,"$125,000-$149,999",2018,6932183,35577,"United States","01000US",0.05789840131132241
13,"$125,000-$149,999",2019,7267775,40108,"United States","01000US",0.06018559832299249
13,"$125,000-$149,999",2020,7673688,38871,"United States","01000US",0.06271698730715612
13,"$125,000-$149,999",2021,8333858,41998,"United States","01000US",0.06720257507495787
13,"$125,000-$149,999",2022,9024401,41755,"United States","01000US",0.07177240936835506
13,"$125,000-$149,999",2023,9373595,41366,"United States","01000US",0.07352827378016645
14,"$150,000-$199,999",2013,5651848,31873,"United States","01000US",0.04888709835123913
14,"$150,000-$199,999",2014,5857717,33034,"United States","01000US",0.05040583389406581
14,"$150,000-$199,999",2015,6010418,32124,"United States","01000US",0.05140347161402218
14,"$150,000-$199,999",2016,6369156,36256,"United States","01000US",0.05410601088106477
14,"$150,000-$199,999",2017,6931136,37236,"United States","01000US",0.05833016854967192
14,"$150,000-$199,999",2018,7513313,42617,"United States","01000US",0.06275206688161229
14,"$150,000-$199,999",2019,8173563,49077,"United States","01000US",0.06768657251850442
14,"$150,000-$199,999",2020,8688154,41715,"United States","01000US",0.07100820936955186
14,"$150,000-$199,999",2021,9694986,42381,"United States","01000US",0.07817844082724539
14,"$150,000-$199,999",2022,11075396,50946,"United States","01000US",0.08808427901515482
14,"$150,000-$199,999",2023,11843136,53030,"United States","01000US",0.0928998261844837
15,"$200,000+",2013,5532628,32847,"United States","01000US",0.04785587460540684
15,"$200,000+",2014,5845378,32351,"United States","01000US",0.05029965642178115
15,"$200,000+",2015,6139038,32967,"United States","01000US",0.05250348071804715
15,"$200,000+",2016,6670686,37386,"United States","01000US",0.05666750968262772
15,"$200,000+",2017,7465517,42206,"United States","01000US",0.06282734387558418
15,"$200,000+",2018,8355566,47620,"United States","01000US",0.06978666221754978
15,"$200,000+",2019,9264390,54033.00000000001,"United States","01000US",0.07671988404257814
15,"$200,000+",2020,10103691,51548,"United States","01000US",0.0825773813324737
15,"$200,000+",2021,11729691,59924.00000000001,"United States","01000US",0.09458589767590925
15,"$200,000+",2022,14348087,4712,"United States","01000US",0.1141124794672548
15,"$200,000+",2023,16009609,15515.000000000002,"United States","01000US",0.12558243807903124
0,"< $10,000",2013,337875,3507,"Illinois","04000US17",0.07079292051937647
0,"< $10,000",2014,341784,3433.9999999999995,"Illinois","04000US17",0.07152338336089002
0,"< $10,000",2015,343101,3833,"Illinois","04000US17",0.0716826550626485
0,"< $10,000",2016,341280,3827,"Illinois","04000US17",0.0710685521656667
0,"< $10,000",2017,331315,3604,"Illinois","04000US17",0.06875963483708046
0,"< $10,000",2018,314802,3060,"Illinois","04000US17",0.06517588474459207
0,"< $10,000",2019,302966,3949,"Illinois","04000US17",0.06251704967299708
0,"< $10,000",2020,298656,4190,"Illinois","04000US17",0.061149113411974175
0,"< $10,000",2021,289764,4842,"Illinois","04000US17",0.05877261926614343
0,"< $10,000",2022,261983,4971,"Illinois","04000US17",0.05272602163798983
0,"< $10,000",2023,262472,4793,"Illinois","04000US17",0.05247441774172395
1,"$10,000-$14,999",2013,219468,2941,"Illinois","04000US17",0.04598381259503223
1,"$10,000-$14,999",2014,218422,2771,"Illinois","04000US17",0.04570805081704329
1,"$10,000-$14,999",2015,217426,2780,"Illinois","04000US17",0.04542590362502998
1,"$10,000-$14,999",2016,212171,2601,"Illinois","04000US17",0.044182740803860955
1,"$10,000-$14,999",2017,204278,2682,"Illinois","04000US17",0.04239494343826607
1,"$10,000-$14,999",2018,194284,3185,"Illinois","04000US17",0.040224114178811846
1,"$10,000-$14,999",2019,185043,2873,"Illinois","04000US17",0.03818363256154287
1,"$10,000-$14,999",2020,179484,3266,"Illinois","04000US17",0.03674892676401871
1,"$10,000-$14,999",2021,172660,3144,"Illinois","04000US17",0.03502050096800267
1,"$10,000-$14,999",2022,173630,3319,"Illinois","04000US17",0.03494432515470154
1,"$10,000-$14,999",2023,167954,3351,"Illinois","04000US17",0.03357801349246207
2,"$15,000-$19,999",2013,243871,3301,"Illinois","04000US17",0.05109682669620676
2,"$15,000-$19,999",2014,241021,3046,"Illinois","04000US17",0.050437227550222
2,"$15,000-$19,999",2015,238477,3209,"Illinois","04000US17",0.04982400089587388
2,"$15,000-$19,999",2016,229808,3065,"Illinois","04000US17",0.047855490612070825
2,"$15,000-$19,999",2017,220623,2712,"Illinois","04000US17",0.04578711171139611
2,"$15,000-$19,999",2018,210540,3111,"Illinois","04000US17",0.04358971916991129
2,"$15,000-$19,999",2019,202275,3027,"Illinois","04000US17",0.04173945664729865
2,"$15,000-$19,999",2020,189258,2666,"Illinois","04000US17",0.03875013027069072
2,"$15,000-$19,999",2021,175054,3073,"Illinois","04000US17",0.03550607422942627
2,"$15,000-$19,999",2022,154823,3395.0000000000005,"Illinois","04000US17",0.03115927693040579
2,"$15,000-$19,999",2023,145886,2898,"Illinois","04000US17",0.02916609355157556
3,"$20,000-$24,999",2013,240578,3471,"Illinois","04000US17",0.05040686417376412
3,"$20,000-$24,999",2014,238363,2956,"Illinois","04000US17",0.04988100153328368
3,"$20,000-$24,999",2015,238802,3128,"Illinois","04000US17",0.04989190178481143
3,"$20,000-$24,999",2016,233284,3280,"Illinois","04000US17",0.048579336976721135
3,"$20,000-$24,999",2017,225830,3017,"Illinois","04000US17",0.04686774922734521
3,"$20,000-$24,999",2018,220865,3069,"Illinois","04000US17",0.04572738351126844
3,"$20,000-$24,999",2019,214860,2550,"Illinois","04000US17",0.044336372044190275
3,"$20,000-$24,999",2020,207124,3909,"Illinois","04000US17",0.04240815174093854
3,"$20,000-$24,999",2021,190868,3713.0000000000005,"Illinois","04000US17",0.03871361623283177
3,"$20,000-$24,999",2022,177580,3541.0000000000005,"Illinois","04000US17",0.03573929194823418
3,"$20,000-$24,999",2023,166323,3481.0000000000005,"Illinois","04000US17",0.033251937662138256
4,"$25,000-$29,999",2013,229881,2795,"Illinois","04000US17",0.0481655859768103
4,"$25,000-$29,999",2014,225405,2724,"Illinois","04000US17",0.0471693473844926
4,"$25,000-$29,999",2015,219983,3610.9999999999995,"Illinois","04000US17",0.045960126926609376
4,"$25,000-$29,999",2016,215853,2928,"Illinois","04000US17",0.04494948485295257
4,"$25,000-$29,999",2017,209365,3323,"Illinois","04000US17",0.043450676690356155
4,"$25,000-$29,999",2018,206622,2913,"Illinois","04000US17",0.04277854542759291
4,"$25,000-$29,999",2019,199555,3946.0000000000005,"Illinois","04000US17",0.04117818450748576
4,"$25,000-$29,999",2020,192168,3266,"Illinois","04000US17",0.03934594592491781
4,"$25,000-$29,999",2021,190719,4007.0000000000005,"Illinois","04000US17",0.03868339467228368
4,"$25,000-$29,999",2022,180267,4064,"Illinois","04000US17",0.03628007062525245
4,"$25,000-$29,999",2023,163862,2847,"Illinois","04000US17",0.03275992502055217
5,"$30,000-$34,999",2013,232890,3194,"Illinois","04000US17",0.0487960436840772
5,"$30,000-$34,999",2014,230485,2786,"Illinois","04000US17",0.04823241290971707
5,"$30,000-$34,999",2015,229746,3022,"Illinois","04000US17",0.04799986963029324
5,"$30,000-$34,999",2016,223873,2843,"Illinois","04000US17",0.046619579169550805
5,"$30,000-$34,999",2017,216438,3154,"Illinois","04000US17",0.04491857550931295
5,"$30,000-$34,999",2018,209338,2654,"Illinois","04000US17",0.04334085984416686
5,"$30,000-$34,999",2019,205949,3158,"Illinois","04000US17",0.042497586736148854
5,"$30,000-$34,999",2020,202485,3170,"Illinois","04000US17",0.041458327404182704
5,"$30,000-$34,999",2021,188564,3319,"Illinois","04000US17",0.03824629760529628
5,"$30,000-$34,999",2022,170699,3279,"Illinois","04000US17",0.03435443966815872
5,"$30,000-$34,999",2023,162011,3187,"Illinois","04000US17",0.03238986593905041
6,"$35,000-$39,999",2013,211812,2787,"Illinois","04000US17",0.04437969687325244
6,"$35,000-$39,999",2014,214192,2806,"Illinois","04000US17",0.04482286042891346
6,"$35,000-$39,999",2015,212017,3036,"Illinois","04000US17",0.04429582390729711
6,"$35,000-$39,999",2016,209353,2748,"Illinois","04000US17",0.043595917139998885
6,"$35,000-$39,999",2017,204543,2978,"Illinois","04000US17",0.042449940354288056
6,"$35,000-$39,999",2018,198458,2998,"Illinois","04000US17",0.041088289574533365
6,"$35,000-$39,999",2019,193652,2971,"Illinois","04000US17",0.03996010015406095
6,"$35,000-$39,999",2020,182950,3002,"Illinois","04000US17",0.0374585821102562
6,"$35,000-$39,999",2021,177497,3114,"Illinois","04000US17",0.036001586124855614
6,"$35,000-$39,999",2022,167549,3371,"Illinois","04000US17",0.03372047880749346
6,"$35,000-$39,999",2023,163727,3614,"Illinois","04000US17",0.03273293529823843
7,"$40,000-$44,999",2013,214974,2951,"Illinois","04000US17",0.04504221175207528
7,"$40,000-$44,999",2014,212469,3270,"Illinois","04000US17",0.04446229706277925
7,"$40,000-$44,999",2015,211604,3076,"Illinois","04000US17",0.0442095375468934
7,"$40,000-$44,999",2016,211444,2984,"Illinois","04000US17",0.04403134946119675
7,"$40,000-$44,999",2017,207337,2716,"Illinois","04000US17",0.0430297946311388
7,"$40,000-$44,999",2018,201578,2945,"Illinois","04000US17",0.04173424722538415
7,"$40,000-$44,999",2019,196109,2724,"Illinois","04000US17",0.04046710223035516
7,"$40,000-$44,999",2020,197028,3641.9999999999995,"Illinois","04000US17",0.040341019491771296
7,"$40,000-$44,999",2021,186475,3442,"Illinois","04000US17",0.03782258726982681
7,"$40,000-$44,999",2022,163182,3142,"Illinois","04000US17",0.03284158767145371
7,"$40,000-$44,999",2023,164825,3796,"Illinois","04000US17",0.032952451706390204
8,"$45,000-$49,999",2013,191219,2795,"Illinois","04000US17",0.04006496920102005
8,"$45,000-$49,999",2014,188045,3052,"Illinois","04000US17",0.03935121194701497
8,"$45,000-$49,999",2015,186448,2665,"Illinois","04000US17",0.03895379981731527
8,"$45,000-$49,999",2016,184289,2613,"Illinois","04000US17",0.038376560038849476
8,"$45,000-$49,999",2017,181318,2443,"Illinois","04000US17",0.037629927619907806
8,"$45,000-$49,999",2018,177177,2714,"Illinois","04000US17",0.036682320097688674
8,"$45,000-$49,999",2019,173996,2755,"Illinois","04000US17",0.03590408354370721
8,"$45,000-$49,999",2020,169002,3059,"Illinois","04000US17",0.0346027619229162
8,"$45,000-$49,999",2021,164858,3238,"Illinois","04000US17",0.03343802703916937
8,"$45,000-$49,999",2022,170068,3737,"Illinois","04000US17",0.034227446238609585
8,"$45,000-$49,999",2023,164860,3539,"Illinois","04000US17",0.03295944904180488
9,"$50,000-$59,999",2013,373287,3656.9999999999995,"Illinois","04000US17",0.07821258430459928
9,"$50,000-$59,999",2014,370521,3954.9999999999995,"Illinois","04000US17",0.07753702784875925
9,"$50,000-$59,999",2015,369853,4081.9999999999995,"Illinois","04000US17",0.077271838388363
9,"$50,000-$59,999",2016,363985,3318,"Illinois","04000US17",0.07579666830760722
9,"$50,000-$59,999",2017,362239,4033,"Illinois","04000US17",0.0751774636335487
9,"$50,000-$59,999",2018,359558,4398,"Illinois","04000US17",0.07444206443096307
9,"$50,000-$59,999",2019,350877,3435.0000000000005,"Illinois","04000US17",0.07240348698570861
9,"$50,000-$59,999",2020,348097,4832,"Illinois","04000US17",0.07127204185205713
9,"$50,000-$59,999",2021,339016,4284,"Illinois","04000US17",0.06876236624677629
9,"$50,000-$59,999",2022,327280,4470,"Illinois","04000US17",0.06586752713604055
9,"$50,000-$59,999",2023,314603,4976,"Illinois","04000US17",0.06289664895607752
10,"$60,000-$74,999",2013,483343,4225,"Illinois","04000US17",0.10127195732918085
10,"$60,000-$74,999",2014,481821,4136,"Illinois","04000US17",0.10082820756479939
10,"$60,000-$74,999",2015,481803,4499,"Illinois","04000US17",0.10066108305469594
10,"$60,000-$74,999",2016,478067,4905,"Illinois","04000US17",0.09955323935825064
10,"$60,000-$74,999",2017,474521,4348,"Illinois","04000US17",0.09847996825536501
10,"$60,000-$74,999",2018,469039,4468,"Illinois","04000US17",0.09710875980685867
10,"$60,000-$74,999",2019,458466,4119,"Illinois","04000US17",0.09460448266597664
10,"$60,000-$74,999",2020,467576,5113,"Illinois","04000US17",0.09573508602779532
10,"$60,000-$74,999",2021,462671,5452,"Illinois","04000US17",0.09384321906270568
10,"$60,000-$74,999",2022,439391,5025,"Illinois","04000US17",0.08843069731065753
10,"$60,000-$74,999",2023,441372,4325,"Illinois","04000US17",0.08824079790415809
11,"$75,000-$99,999",2013,615943,4843,"Illinois","04000US17",0.12905483934433237
11,"$75,000-$99,999",2014,612247,5162,"Illinois","04000US17",0.12812178713033623
11,"$75,000-$99,999",2015,609496,4957,"Illinois","04000US17",0.12733944678116357
11,"$75,000-$99,999",2016,612265,5087,"Illinois","04000US17",0.1274987901187058
11,"$75,000-$99,999",2017,613614,5108,"Illinois","04000US17",0.1273467080298818
11,"$75,000-$99,999",2018,613917,5303,"Illinois","04000US17",0.12710396895428153
11,"$75,000-$99,999",2019,622330,4983,"Illinois","04000US17",0.12841782748888084
11,"$75,000-$99,999",2020,627786,5803,"Illinois","04000US17",0.1285377066338852
11,"$75,000-$99,999",2021,634032,5455,"Illinois","04000US17",0.12860024481492335
11,"$75,000-$99,999",2022,639046,5754,"Illinois","04000US17",0.12861274671895065
11,"$75,000-$99,999",2023,637303,6611,"Illinois","04000US17",0.12741208147937266
12,"$100,000-$124,999",2013,415077,3902,"Illinois","04000US17",0.08696859214331105
12,"$100,000-$124,999",2014,415323,4782,"Illinois","04000US17",0.0869125124277173
12,"$100,000-$124,999",2015,420268,4598,"Illinois","04000US17",0.08780483320616715
12,"$100,000-$124,999",2016,431201,4510,"Illinois","04000US17",0.08979380790666797
12,"$100,000-$124,999",2017,442115,4297,"Illinois","04000US17",0.09175457180023792
12,"$100,000-$124,999",2018,452341,3990,"Illinois","04000US17",0.09365164414855535
12,"$100,000-$124,999",2019,464761,4697,"Illinois","04000US17",0.09590345623955095
12,"$100,000-$124,999",2020,480713,5118,"Illinois","04000US17",0.09842485587301224
12,"$100,000-$124,999",2021,491848,5259,"Illinois","04000US17",0.09976116853996396
12,"$100,000-$124,999",2022,503024,5719,"Illinois","04000US17",0.10123731046834412
12,"$100,000-$124,999",2023,515275,5497,"Illinois","04000US17",0.10301577159417694
13,"$125,000-$149,999",2013,252069,3656.9999999999995,"Illinois","04000US17",0.05281450442441348
13,"$125,000-$149,999",2014,255780,3270,"Illinois","04000US17",0.053525767724786566
13,"$125,000-$149,999",2015,256237,3369.0000000000005,"Illinois","04000US17",0.053534523319045596
13,"$125,000-$149,999",2016,267312,3167,"Illinois","04000US17",0.05566536807462698
13,"$125,000-$149,999",2017,282845,3436,"Illinois","04000US17",0.05870038759335986
13,"$125,000-$149,999",2018,298758,3808,"Illinois","04000US17",0.061854171747717096
13,"$125,000-$149,999",2019,313318,3840.0000000000005,"Illinois","04000US17",0.06465318540510849
13,"$125,000-$149,999",2020,329536,4385,"Illinois","04000US17",0.06747172076679632
13,"$125,000-$149,999",2021,349265,4502,"Illinois","04000US17",0.07084116338810062
13,"$125,000-$149,999",2022,373231,4417,"Illinois","04000US17",0.07511550666252613
13,"$125,000-$149,999",2023,381339,4998,"Illinois","04000US17",0.0762387682770401
14,"$150,000-$199,999",2013,255728,3081,"Illinois","04000US17",0.05358115272979387
14,"$150,000-$199,999",2014,265693,3557,"Illinois","04000US17",0.05560021035304448
14,"$150,000-$199,999",2015,272382,3514.9999999999995,"Illinois","04000US17",0.056907630555650734
14,"$150,000-$199,999",2016,289346,3107,"Illinois","04000US17",0.06025375438035336
14,"$150,000-$199,999",2017,311141,3914.9999999999995,"Illinois","04000US17",0.06457281301131566
14,"$150,000-$199,999",2018,335066,4287,"Illinois","04000US17",0.06937129687178445
14,"$150,000-$199,999",2019,360394,3979,"Illinois","04000US17",0.07436732042489952
14,"$150,000-$199,999",2020,380160,4720,"Illinois","04000US17",0.07783686567387263
14,"$150,000-$199,999",2021,418667,4354,"Illinois","04000US17",0.08491792006701479
14,"$150,000-$199,999",2022,467313,5454,"Illinois","04000US17",0.09405020688256087
14,"$150,000-$199,999",2023,494802,4690,"Illinois","04000US17",0.09892273022433057
15,"$200,000+",2013,254708,3300,"Illinois","04000US17",0.053367438252754244
15,"$200,000+",2014,267062,3227,"Illinois","04000US17",0.055886693956200446
15,"$200,000+",2015,278745,3254,"Illinois","04000US17",0.05823702549814182
15,"$200,000+",2016,298593,3088,"Illinois","04000US17",0.062179360632919935
15,"$200,000+",2017,330930,3337,"Illinois","04000US17",0.06867973365719945
15,"$200,000+",2018,367695,3357,"Illinois","04000US17",0.07612673026589024
15,"$200,000+",2019,401583,4359,"Illinois","04000US17",0.08286667269208817
15,"$200,000+",2020,432038,4633,"Illinois","04000US17",0.08845876413091483
15,"$200,000+",2021,498297,5072,"Illinois","04000US17",0.1010692144726794
15,"$200,000+",2022,599695,5419,"Illinois","04000US17",0.12069306613862088
15,"$200,000+",2023,655290,6501,"Illinois","04000US17",0.13100811211090815
