Wage Bin ID,Wage Bin,Year,Record Count,Household_Income,Total Population MOE Appx,State,State ID,share
1,"< $10K",2014,913396,18869684,99047.69181667948,"United States","01000US",0.13746927588547378
1,"< $10K",2015,917319,18945648,99344.28471402325,"United States","01000US",0.13577506431071076
1,"< $10K",2016,906288,18779566,99097.14242391725,"United States","01000US",0.13246462276977286
1,"< $10K",2017,887479,18334177,98216.96238879346,"United States","01000US",0.12710489187300802
1,"< $10K",2018,861436,17749199,96955.97378159911,"United States","01000US",0.12133997342924331
1,"< $10K",2019,842218,17235672,95825.12439705018,"United States","01000US",0.11614495457281954
1,"< $10K",2020,793203,16516092,94090.43442734538,"United States","01000US",0.11072898560632441
1,"< $10K",2021,761707,15945753,92710.38724424138,"United States","01000US",0.10574322247296193
1,"< $10K",2022,719627,15059885,90437.41750428962,"United States","01000US",0.09899929291220062
1,"< $10K",2023,708567,14583760,89190.60843433617,"United States","01000US",0.09506116280070856
2,"$10-20k",2014,946567,20872558,103286.84344866907,"United States","01000US",0.15206059805440053
2,"$10-20k",2015,949586,21106011,103912.03062176837,"United States","01000US",0.15125742866475558
2,"$10-20k",2016,937538,20981626,103804.17962481765,"United States","01000US",0.14799719935947714
2,"$10-20k",2017,919238,20636260,103243.88185148242,"United States","01000US",0.143064485303228
2,"$10-20k",2018,885585,19831682,101652.43705180778,"United States","01000US",0.13557658387497953
2,"$10-20k",2019,859662,19193171,100362.95984411176,"United States","01000US",0.12933583175076419
2,"$10-20k",2020,800140,18348234,98484.67628743006,"United States","01000US",0.12301223185772228
2,"$10-20k",2021,739876,16882255,95062.19145903268,"United States","01000US",0.1119535744916075
2,"$10-20k",2022,674037,15246005,90932.74087110991,"United States","01000US",0.10022279152436259
2,"$10-20k",2023,645316,14322807,88472.0762929763,"United States","01000US",0.09336019572388246
3,"$20-30k",2014,926864,20178617,101857.65498697881,"United States","01000US",0.14700510445009632
3,"$20-30k",2015,938772,20638689,102957.73257811854,"United States","01000US",0.1479083389633207
3,"$20-30k",2016,949599,21069025,103982.5135197369,"United States","01000US",0.14861368195366784
3,"$20-30k",2017,944996,21154896,104313.67658171566,"United States","01000US",0.1466600201724206
3,"$20-30k",2018,947651,21368534,104874.50805769727,"United States","01000US",0.14608306255295703
3,"$20-30k",2019,918457,20822317,103874.56028547454,"United States","01000US",0.14031405692019713
3,"$20-30k",2020,870946,20537630,103319.30512977143,"United States","01000US",0.1376906193461514
3,"$20-30k",2021,835968,19765189,101745.9777231882,"United States","01000US",0.13107156354718025
3,"$20-30k",2022,772403,18217376,98314.8850940853,"United States","01000US",0.11975571810247514
3,"$20-30k",2023,706505,16404731,93972.73709747681,"United States","01000US",0.10693077809102937
4,"$30-40k",2014,865039,18265335,97697.05623166784,"United States","01000US",0.1330664772264125
4,"$30-40k",2015,869102,18489784,98327.13710575028,"United States","01000US",0.1325080890181825
4,"$30-40k",2016,860163,18408175,98260.3815831878,"United States","01000US",0.1298449579321995
4,"$30-40k",2017,862964,18617675,98861.91839776494,"United States","01000US",0.12907029139087098
4,"$30-40k",2018,851937,18508007,98714.10542530923,"United States","01000US",0.1265274606255893
4,"$30-40k",2019,879732,19271700,100537.50151548315,"United States","01000US",0.1298650102555332
4,"$30-40k",2020,838260,19219120,100458.7451074371,"United States","01000US",0.12885092077751936
4,"$30-40k",2021,806553,18687187,99338.56855683486,"United States","01000US",0.12392286349442651
4,"$30-40k",2022,754494,17620909,96907.10991489798,"United States","01000US",0.11583471795901709
4,"$30-40k",2023,757593,17560656,96816.16730913232,"United States","01000US",0.1144654313361739
5,"$40-50k",2014,689133,14243253,87718.32751780639,"United States","01000US",0.10376483655813219
5,"$40-50k",2015,680742,14156964,87564.75371202904,"United States","01000US",0.1014566879710009
5,"$40-50k",2016,704613,14671784,89041.78424517416,"United States","01000US",0.10348973628674855
5,"$40-50k",2017,710138,14862674,89641.73119299699,"United States","01000US",0.10303808955884781
5,"$40-50k",2018,729171,15317973,90919.08090549585,"United States","01000US",0.10471922912182496
5,"$40-50k",2019,733720,15497426,91464.78933640393,"United States","01000US",0.10443154399582635
5,"$40-50k",2020,696515,15459807,91393.69840338074,"United States","01000US",0.10364732448690364
5,"$40-50k",2021,692657,15586422,91781.87923309933,"United States","01000US",0.10336034234968197
5,"$40-50k",2022,695119,15684163,92082.41274650917,"United States","01000US",0.10310311446068142
5,"$40-50k",2023,737465,16825121,95023.08283110391,"United States","01000US",0.10967100161567526
6,"$50-60k",2014,533898,10812566,77485.92077409594,"United States","01000US",0.07877162216833593
6,"$50-60k",2015,555768,11334598,79228.45969214762,"United States","01000US",0.0812300414525834
6,"$50-60k",2016,557483,11359375,79362.68498660358,"United States","01000US",0.0801251383698318
6,"$50-60k",2017,582640,11911524,81160.14741250928,"United States","01000US",0.08257872551698067
6,"$50-60k",2018,601190,12319442,82464.26860515302,"United States","01000US",0.08422018170752968
6,"$50-60k",2019,617166,12658281,83541.36472206489,"United States","01000US",0.08529957356550906
6,"$50-60k",2020,612324,13159218,85042.10571332583,"United States","01000US",0.08822346475864176
6,"$50-60k",2021,611493,13393203,85766.95477431842,"United States","01000US",0.08881615339548664
6,"$50-60k",2022,631525,13995376,87520.46259463763,"United States","01000US",0.09200152112983484
6,"$50-60k",2023,587929,13111097,85014.92396037251,"United States","01000US",0.08546191972528906
7,"$60-70k",2014,415355,8405476,68965.8736093404,"United States","01000US",0.06123550872355513
7,"$60-70k",2015,420051,8553667,69568.7592880117,"United States","01000US",0.06130034121912349
7,"$60-70k",2016,429170,8718040,70226.77075263964,"United States","01000US",0.061494066470534556
7,"$60-70k",2017,439820,8944414,71113.18111445638,"United States","01000US",0.062008715980947454
7,"$60-70k",2018,459940,9359787,72668.91967376214,"United States","01000US",0.06398690475459637
7,"$60-70k",2019,466240,9465154,73084.79565794294,"United States","01000US",0.06378224657296455
7,"$60-70k",2020,457989,9766312,74171.1817337143,"United States","01000US",0.06547637424609122
7,"$60-70k",2021,485563,10510051,76769.62987146697,"United States","01000US",0.06969671868711223
7,"$60-70k",2022,490328,10645563,77251.1630745861,"United States","01000US",0.06998082718774315
7,"$60-70k",2023,495711,10696406,77446.1817968026,"United States","01000US",0.06972226587303108
8,"$70-80k",2014,283801,5730617,57532.7550182702,"United States","01000US",0.04174864663165457
8,"$70-80k",2015,283744,5759646,57692.48767235167,"United States","01000US",0.04127683075590384
8,"$70-80k",2016,306131,6190297,59735.93984457081,"United States","01000US",0.04366423361103535
8,"$70-80k",2017,323240,6534050,61319.668763285474,"United States","01000US",0.04529844556114126
8,"$70-80k",2018,324621,6579666,61543.57092792526,"United States","01000US",0.04498098745826759
8,"$70-80k",2019,344155,6969137,63273.120914931256,"United States","01000US",0.04696249152784735
8,"$70-80k",2020,337010,7164175,64116.423727331996,"United States","01000US",0.04803084352255904
8,"$70-80k",2021,355486,7684500,66301.75035128048,"United States","01000US",0.050959261258685995
8,"$70-80k",2022,381277,8235939,68524.29834688094,"United States","01000US",0.054140661596553806
8,"$70-80k",2023,420720,9116002,71891.02316541763,"United States","01000US",0.059420735819403554
9,"$80-90k",2014,221541,4467110,51039.18703324813,"United States","01000US",0.0325437552107793
9,"$80-90k",2015,223105,4531495,51407.50901819322,"United States","01000US",0.03247521673835935
9,"$80-90k",2016,231989,4677346,52214.299022827305,"United States","01000US",0.0329923957483206
9,"$80-90k",2017,239313,4814316,52962.785992977675,"United States","01000US",0.03337608852704392
9,"$80-90k",2018,256478,5163031,54792.87448166976,"United States","01000US",0.035296355872417653
9,"$80-90k",2019,283621,5705088,57503.34459432642,"United States","01000US",0.038444522882190954
9,"$80-90k",2020,281779,5926069,58567.23839542772,"United States","01000US",0.0397301982214125
9,"$80-90k",2021,310735,6636040,61838.184886883995,"United States","01000US",0.04400646705486246
9,"$80-90k",2022,326095,6921729,63105.860919922714,"United States","01000US",0.045501428246621636
9,"$80-90k",2023,340000,7334486,64881.636644862614,"United States","01000US",0.04780829962269797
10,"$90-100k",2014,156630,3124334,42899.65487843679,"United States","01000US",0.02276137388439392
10,"$90-100k",2015,156215,3135698,42983.96174367425,"United States","01000US",0.022472158123541995
10,"$90-100k",2016,156637,3112792,42837.96976057074,"United States","01000US",0.021956568008055503
10,"$90-100k",2017,172975,3440166,44990.70898286708,"United States","01000US",0.02384955307539567
10,"$90-100k",2018,184790,3685002,46532.15457687366,"United States","01000US",0.025192012595425205
10,"$90-100k",2019,192775,3834497,47450.879360820065,"United States","01000US",0.02583928725695249
10,"$90-100k",2020,201663,4186964,49526.964299149564,"United States","01000US",0.028070700774141876
10,"$90-100k",2021,197182,4154962,49350.45678343634,"United States","01000US",0.027553359890417396
10,"$90-100k",2022,233678,5000174,53989.563403827735,"United States","01000US",0.03286968595297838
10,"$90-100k",2023,277415,5904636,58499.027996364886,"United States","01000US",0.03848812405545103
11,"$100-110k",2014,152927,3068228,42521.60913291079,"United States","01000US",0.022352630887275876
11,"$100-110k",2015,156633,3161280,43154.89643753222,"United States","01000US",0.02265549298203808
11,"$100-110k",2016,167259,3344063,44363.78235550271,"United States","01000US",0.023587874385028653
11,"$100-110k",2017,178624,3565278,45781.16125875204,"United States","01000US",0.024716913919136614
11,"$100-110k",2018,193438,3854981,47564.88052964303,"United States","01000US",0.02635405080027768
11,"$100-110k",2019,206652,4101980,49032.57233698994,"United States","01000US",0.02764175836942211
11,"$100-110k",2020,208155,4312603,50242.768704269954,"United States","01000US",0.028913023462983342
11,"$100-110k",2021,218840,4659369,52170.25852380588,"United States","01000US",0.03089830205890071
11,"$100-110k",2022,208900,4392947,50709.537253756425,"United States","01000US",0.028877952706861505
11,"$100-110k",2023,233588,4931012,53635.04680548415,"United States","01000US",0.03214176141847147
12,"$110-120k",2014,71245,1403157,28933.217484444198,"United States","01000US",0.010222268520428521
12,"$110-120k",2015,77254,1533674,30237.186074341338,"United States","01000US",0.010991161979873426
12,"$110-120k",2016,82259,1624938,31116.439288317135,"United States","01000US",0.011461755782549458
12,"$110-120k",2017,86397,1701016,31831.199957048524,"United States","01000US",0.01179259122207976
12,"$110-120k",2018,96723,1906459,33677.493060342465,"United States","01000US",0.013033246424469172
12,"$110-120k",2019,103604,2035380,34785.52580644912,"United States","01000US",0.0137156890452792
12,"$110-120k",2020,100399,2059548,34989.80234021527,"United States","01000US",0.013807846362658565
12,"$110-120k",2021,121697,2524846,38683.49021786723,"United States","01000US",0.016743351805836203
12,"$110-120k",2022,201923,4296455,50165.89764105723,"United States","01000US",0.028243642433464063
12,"$110-120k",2023,173220,3727629,46821.97727347968,"United States","01000US",0.02429776321261749
13,"$120-130k",2014,73450,1448708,29394.170629136544,"United States","01000US",0.010554116313208687
13,"$120-130k",2015,80929,1603084,30906.066953934005,"United States","01000US",0.011488592693977607
13,"$120-130k",2016,91189,1795586,32689.632003432853,"United States","01000US",0.012665448293144015
13,"$120-130k",2017,98295,1935423,33925.74367152614,"United States","01000US",0.013417658787931023
13,"$120-130k",2018,103148,2032821,34760.454416261906,"United States","01000US",0.013897102969345706
13,"$120-130k",2019,113413,2227697,36367.91195472249,"United States","01000US",0.015011643692628078
13,"$120-130k",2020,102330,2114430,35446.320000571875,"United States","01000US",0.014175792253735357
13,"$120-130k",2021,112758,2364900,37458.355990393575,"United States","01000US",0.015682680324115624
13,"$120-130k",2022,103064,2128565,35567.907160080256,"United States","01000US",0.013992565674814803
13,"$120-130k",2023,128677,2616975,39376.62119179188,"United States","01000US",0.01705819943007731
14,"$130-140k",2014,53228,1042306,24969.922795405237,"United States","01000US",0.007593399607067327
14,"$130-140k",2015,49952,985429,24285.579151599737,"United States","01000US",0.0070621329947985634
14,"$130-140k",2016,49450,964087,24024.322728183335,"United States","01000US",0.006800339303487738
14,"$130-140k",2017,58865,1150516,26229.024932965833,"United States","01000US",0.007976153594359088
14,"$130-140k",2018,67074,1311502,27990.041050619635,"United States","01000US",0.008965904198403514
14,"$130-140k",2019,68152,1324487,28128.83962565584,"United States","01000US",0.00892523845007552
14,"$130-140k",2020,81885,1666037,31512.145902774766,"United States","01000US",0.011169626991215834
14,"$130-140k",2021,97020,2005063,34532.82570198456,"United States","01000US",0.013296444694791427
14,"$130-140k",2022,113729,2374898,37538.8029765718,"United States","01000US",0.015611886992403954
14,"$130-140k",2023,116256,2411373,37823.93611215309,"United States","01000US",0.015718026169261767
15,"$140-150k",2014,32934,635897,19532.590540820263,"United States","01000US",0.004632631904580125
15,"$140-150k",2015,32859,640140,19598.090765860346,"United States","01000US",0.004587599730970321
15,"$140-150k",2016,39177,759257,21335.513273431592,"United States","01000US",0.005355538679131852
15,"$140-150k",2017,41619,805590,21974.33031481148,"United States","01000US",0.005584893712108078
15,"$140-150k",2018,46319,899956,23219.094973237465,"United States","01000US",0.006152426209627156
15,"$140-150k",2019,48494,938473,23708.71650253262,"United States","01000US",0.006324029834915498
15,"$140-150k",2020,54518,1106018,25724.070498423334,"United States","01000US",0.007415086523030733
15,"$140-150k",2021,61154,1264824,27495.44686767681,"United States","01000US",0.008387597978041025
15,"$140-150k",2022,79108,1645159,31319.69350489551,"United States","01000US",0.01081479557965702
15,"$140-150k",2023,90118,1893778,33577.01642140833,"United States","01000US",0.012344192359610982
16,"$150-160k",2014,40321,794760,21823.873076888005,"United States","01000US",0.005789979403085878
16,"$150-160k",2015,46247,913926,23393.93866828958,"United States","01000US",0.006549702677112477
16,"$150-160k",2016,52982,1041756,24966.417764834376,"United States","01000US",0.007348189812168583
16,"$150-160k",2017,57968,1131225,26009.954006240958,"United States","01000US",0.007842415359524646
16,"$150-160k",2018,55504,1077551,25391.486881718716,"United States","01000US",0.007366530157707656
16,"$150-160k",2019,59690,1151395,26241.91646729164,"United States","01000US",0.007758834118586821
16,"$150-160k",2020,56334,1152867,26259.078012024096,"United States","01000US",0.0077291766992461895
16,"$150-160k",2021,57013,1205528,26848.527738228328,"United States","01000US",0.007994380415988185
16,"$150-160k",2022,74413,1515754,30075.6198072101,"United States","01000US",0.009964124840849697
16,"$150-160k",2023,80044,1632177,31198.648312006164,"United States","01000US",0.01063900143149449
17,"$160-170k",2014,28987,569029,18481.6144906857,"United States","01000US",0.004145485668325726
17,"$160-170k",2015,26208,517998,17637.26306832002,"United States","01000US",0.0037122621386621118
17,"$160-170k",2016,24199,464757,16709.93263496724,"United States","01000US",0.00327823660486144
17,"$160-170k",2017,27193,523192,17726.224896423624,"United States","01000US",0.003627120136825494
17,"$160-170k",2018,34843,674853,20122.188563201675,"United States","01000US",0.004613540311799149
17,"$160-170k",2019,43181,833119,22346.30693642769,"United States","01000US",0.005614087365363697
17,"$160-170k",2020,45608,911439,23367.249667447893,"United States","01000US",0.006110568766027866
17,"$160-170k",2021,57551,1160727,26348.86374996077,"United States","01000US",0.007697285502376318
17,"$160-170k",2022,51801,1045320,25015.090758217106,"United States","01000US",0.006871628891388052
17,"$160-170k",2023,65560,1342006,28316.79632442106,"United States","01000US",0.008747582985836827
18,"$170-180k",2014,17167,331307,14114.494110918475,"United States","01000US",0.0024136351931377687
18,"$170-180k",2015,18416,358502,14681.212743992415,"United States","01000US",0.0025692249800861092
18,"$170-180k",2016,19849,385727,15227.309045064318,"United States","01000US",0.002720786068597974
18,"$170-180k",2017,17620,338883,14275.419905071241,"United States","01000US",0.0023493657267844954
18,"$170-180k",2018,21702,417733,15845.397571067026,"United States","01000US",0.0028557745687857856
18,"$170-180k",2019,26847,514213,17574.887030867354,"United States","01000US",0.0034650952701904083
18,"$170-180k",2020,29445,590807,18833.704708455592,"United States","01000US",0.003960952736223297
18,"$170-180k",2021,30354,619009,19276.582184815095,"United States","01000US",0.0041049178674576045
18,"$170-180k",2022,57426,1194681,26729.365077042192,"United States","01000US",0.0078534845555355
18,"$170-180k",2023,55911,1165955,26409.42977170743,"United States","01000US",0.0076000316840993095
19,"$180-190k",2014,16501,318190,13832.926646771222,"United States","01000US",0.002318075326221621
19,"$180-190k",2015,17810,345479,14412.7643240091,"United States","01000US",0.002475894909638353
19,"$180-190k",2016,18519,355689,14623.9431056147,"United States","01000US",0.00250890831067969
19,"$180-190k",2017,23805,460867,16640.549353126495,"United States","01000US",0.0031950411628969
19,"$180-190k",2018,25194,487740,17117.6320578602,"United States","01000US",0.0033343678574103055
19,"$180-190k",2019,27980,538396,17981.934693551426,"United States","01000US",0.003628055753334581
19,"$180-190k",2020,25920,518463,17647.270313623834,"United States","01000US",0.00347593619994438
19,"$180-190k",2021,30634,632906,19490.862776225556,"United States","01000US",0.004197074917846304
19,"$180-190k",2022,35923,726703,20879.17854509775,"United States","01000US",0.004777133633966988
19,"$180-190k",2023,46172,928691,23588.0416844239,"United States","01000US",0.006053476356066805
20,"$190-200k",2014,10960,212113,11298.546781996414,"United States","01000US",0.0015452839865201505
20,"$190-200k",2015,9817,192733,10770.916555679796,"United States","01000US",0.0013812320101057626
20,"$190-200k",2016,11131,216189,11406.70393407657,"United States","01000US",0.0015249231176042316
20,"$190-200k",2017,13077,251667,12305.767387457063,"United States","01000US",0.0017447255376123135
20,"$190-200k",2018,14991,284991,13093.834585546894,"United States","01000US",0.0019483020257744297
20,"$190-200k",2019,16722,318330,13837.168772976647,"United States","01000US",0.0021451106396759953
20,"$190-200k",2020,19972,396515,15439.262287968988,"United States","01000US",0.002658359115927165
20,"$190-200k",2021,21790,429320,16063.723399136368,"United States","01000US",0.002847007618397953
20,"$190-200k",2022,23957,494253,17232.279867137804,"United States","01000US",0.0032490751104496413
20,"$190-200k",2023,28980,577197,18617.367403984357,"United States","01000US",0.003762336872321032
21,"$200k+",2014,130494,2471492,38248.01810874678,"United States","01000US",0.01800529439691419
21,"$200k+",2015,138448,2632576,39457.473047878695,"United States","01000US",0.018866505685254668
21,"$200k+",2016,151272,2850351,41031.14276772075,"United States","01000US",0.020105399133102695
21,"$200k+",2017,166561,3130655,42966.25921703537,"United States","01000US",0.021703813880857153
21,"$200k+",2018,183548,3445692,45033.59895843708,"United States","01000US",0.023556002483568768
21,"$200k+",2019,202349,3762027,47012.12121541904,"United States","01000US",0.025350938159923245
21,"$200k+",2020,207897,4045453,48706.56891676447,"United States","01000US",0.027121967291539782
21,"$200k+",2021,236043,4684873,52308.28087729147,"United States","01000US",0.031067430173825756
21,"$200k+",2022,287556,5679283,57406.27163005353,"United States","01000US",0.037333950508140104
21,"$200k+",2023,320589,6327997,60472.941975055764,"United States","01000US",0.04124771341680029
1,"< $10K",2014,38167,769392,20049.18088156318,"Illinois","04000US17",0.13324554114635306
1,"< $10K",2015,37985,767076,20039.406997567956,"Illinois","04000US17",0.1314760087769966
1,"< $10K",2016,37339,756487,19935.42977086294,"Illinois","04000US17",0.12843412260414888
1,"< $10K",2017,36537,736699,19722.73728498954,"Illinois","04000US17",0.12401880738423829
1,"< $10K",2018,35311,707822,19393.928005609443,"Illinois","04000US17",0.11842760204275408
1,"< $10K",2019,34157,685286,19130.593886681785,"Illinois","04000US17",0.11399631538016876
1,"< $10K",2020,32591,648335,18667.213219436842,"Illinois","04000US17",0.10831801709370865
1,"< $10K",2021,31103,627520,18407.614957072816,"Illinois","04000US17",0.10418577716044945
1,"< $10K",2022,29034,586732,17867.86581251007,"Illinois","04000US17",0.09727374808119885
1,"< $10K",2023,27979,558442,17475.25473529248,"Illinois","04000US17",0.09276574623300392
2,"$10-20k",2014,38526,835871,20758.15515652658,"Illinois","04000US17",0.1447585674448698
2,"$10-20k",2015,38301,834505,20762.096805756144,"Illinois","04000US17",0.14303326750471604
2,"$10-20k",2016,37507,818171,20607.33908951768,"Illinois","04000US17",0.13890664945353864
2,"$10-20k",2017,36485,794507,20367.847645786456,"Illinois","04000US17",0.13375043348562848
2,"$10-20k",2018,34591,756249,19954.054253691716,"Illinois","04000US17",0.1265300536253899
2,"$10-20k",2019,33220,723579,19587.033474760614,"Illinois","04000US17",0.12036629945229749
2,"$10-20k",2020,31412,677402,19029.05134898762,"Illinois","04000US17",0.11317427165788123
2,"$10-20k",2021,29036,627179,18403.194359504872,"Illinois","04000US17",0.10412916167407178
2,"$10-20k",2022,26424,567763,17607.248980338736,"Illinois","04000US17",0.09412889535908336
2,"$10-20k",2023,25166,531025,17083.597477478634,"Illinois","04000US17",0.08821136374660378
3,"$20-30k",2014,37195,795658,20334.963836642128,"Illinois","04000US17",0.13779436331210226
3,"$20-30k",2015,37590,811840,20524.57150254138,"Illinois","04000US17",0.13914851066324188
3,"$20-30k",2016,38088,824276,20671.62741382008,"Illinois","04000US17",0.13994313827423
3,"$20-30k",2017,37530,819179,20632.033081455924,"Illinois","04000US17",0.13790381501021848
3,"$20-30k",2018,37349,821634,20668.126761240517,"Illinois","04000US17",0.13746979378543786
3,"$20-30k",2019,35986,798719,20432.191115901296,"Illinois","04000US17",0.1328657276292424
3,"$20-30k",2020,34384,774503,20160.271699161636,"Illinois","04000US17",0.12939703886590825
3,"$20-30k",2021,32520,733196,19701.468363544274,"Illinois","04000US17",0.12173093299167022
3,"$20-30k",2022,29634,666035,18897.983609260293,"Illinois","04000US17",0.11042131808604486
3,"$20-30k",2023,26781,588985,17896.52876532243,"Illinois","04000US17",0.09783940506811059
4,"$30-40k",2014,35767,730220,19608.42068712898,"Illinois","04000US17",0.1264616204170175
4,"$30-40k",2015,35815,735016,19678.119889904705,"Illinois","04000US17",0.12598095894961248
4,"$30-40k",2016,35132,723238,19555.429569942047,"Illinois","04000US17",0.12278920584752867
4,"$30-40k",2017,35128,728059,19623.013036455657,"Illinois","04000US17",0.12256431579975152
4,"$30-40k",2018,34316,717370,19506.59672226853,"Illinois","04000US17",0.12002510359583411
4,"$30-40k",2019,34993,738049,19754.82842480208,"Illinois","04000US17",0.12277336261067376
4,"$30-40k",2020,33834,724509,19592.059811544725,"Illinois","04000US17",0.12104448818364852
4,"$30-40k",2021,32437,708545,19412.51619698173,"Illinois","04000US17",0.11763818121836858
4,"$30-40k",2022,30005,664556,18879.590910771323,"Illinois","04000US17",0.11017611606295409
4,"$30-40k",2023,29847,658908,18806.811033344762,"Illinois","04000US17",0.10945468342083178
5,"$40-50k",2014,28912,587626,17836.9180639183,"Illinois","04000US17",0.1017667773536336
5,"$40-50k",2015,28423,578313,17721.03857407051,"Illinois","04000US17",0.09912223177866501
5,"$40-50k",2016,29445,596782,17979.81354083672,"Illinois","04000US17",0.10131988065353294
5,"$40-50k",2017,29455,596775,17988.273259970407,"Illinois","04000US17",0.10046345084862177
5,"$40-50k",2018,30046,610081,18171.41350861818,"Illinois","04000US17",0.10207429252247804
5,"$40-50k",2019,29855,606540,18130.47562006971,"Illinois","04000US17",0.10089703442166856
5,"$40-50k",2020,28869,601986,18065.52415674888,"Illinois","04000US17",0.10057444043306824
5,"$40-50k",2021,28342,600765,18055.526381745745,"Illinois","04000US17",0.09974370285536303
5,"$40-50k",2022,27961,593210,17955.54247792938,"Illinois","04000US17",0.09834772962655516
5,"$40-50k",2023,29575,634677,18499.432855402763,"Illinois","04000US17",0.10542954419962006
6,"$50-60k",2014,23573,475676,16220.418758425101,"Illinois","04000US17",0.08237895121125856
6,"$50-60k",2015,24305,493389,16499.961335777953,"Illinois","04000US17",0.0845663486987907
6,"$50-60k",2016,24222,490462,16462.59733705787,"Illinois","04000US17",0.08326918590891326
6,"$50-60k",2017,25029,504227,16677.309435215768,"Illinois","04000US17",0.08488355650127437
6,"$50-60k",2018,25428,510892,16781.71026895017,"Illinois","04000US17",0.08547871422875626
6,"$50-60k",2019,25720,516464,16868.969239571205,"Illinois","04000US17",0.08591302467364499
6,"$50-60k",2020,25921,536461,17157.479729116916,"Illinois","04000US17",0.08962710908420499
6,"$50-60k",2021,25551,530983,17083.422239856827,"Illinois","04000US17",0.088157949569714
6,"$50-60k",2022,26307,551972,17385.738303610357,"Illinois","04000US17",0.09151092027684785
6,"$50-60k",2023,24032,504377,16689.801059932135,"Illinois","04000US17",0.08378472390644653
7,"$60-70k",2014,18813,383753,14694.920533388757,"Illinois","04000US17",0.06645945909437118
7,"$60-70k",2015,18911,386830,14754.958377147243,"Illinois","04000US17",0.06630224967956969
7,"$60-70k",2016,19103,386440,14752.995252049795,"Illinois","04000US17",0.06560863879901081
7,"$60-70k",2017,19373,392557,14865.51270851799,"Illinois","04000US17",0.06608458945964964
7,"$60-70k",2018,20102,406505,15111.67233403331,"Illinois","04000US17",0.06801344457842473
7,"$60-70k",2019,20090,401112,15021.473787999517,"Illinois","04000US17",0.06672438960488067
7,"$60-70k",2020,20194,414202,15244.34501239966,"Illinois","04000US17",0.06920116809403828
7,"$60-70k",2021,20955,436339,15619.126689260318,"Illinois","04000US17",0.07244441264089328
7,"$60-70k",2022,20660,433643,15575.424450463235,"Illinois","04000US17",0.07189326632802592
7,"$60-70k",2023,20648,426186,15450.049762163246,"Illinois","04000US17",0.07079600446252074
8,"$70-80k",2014,13106,267764,12406.243924200904,"Illinois","04000US17",0.04637214720131231
8,"$70-80k",2015,13176,269933,12457.082192054375,"Illinois","04000US17",0.04626622847957833
8,"$70-80k",2016,14184,290747,12907.434426334346,"Illinois","04000US17",0.04936216464366007
8,"$70-80k",2017,14852,301145,13126.993119697794,"Illinois","04000US17",0.05069593382063291
8,"$70-80k",2018,14816,298750,13079.586768418376,"Illinois","04000US17",0.04998466579206747
8,"$70-80k",2019,15444,311195,13336.707786682087,"Illinois","04000US17",0.05176682927234996
8,"$70-80k",2020,15371,315997,13431.931522611458,"Illinois","04000US17",0.05279395443337265
8,"$70-80k",2021,16029,332096,13752.794771513749,"Illinois","04000US17",0.05513717467471414
8,"$70-80k",2022,16922,348078,14060.66650070817,"Illinois","04000US17",0.057707525215272955
8,"$70-80k",2023,18246,379575,14641.346674355182,"Illinois","04000US17",0.06305320539356363
9,"$80-90k",2014,10546,215904,11192.57693926711,"Illinois","04000US17",0.037390881781539466
9,"$80-90k",2015,10634,219923,11294.488119085245,"Illinois","04000US17",0.03769456778502186
9,"$80-90k",2016,10904,224336,11404.916729844976,"Illinois","04000US17",0.03808710173277841
9,"$80-90k",2017,11160,227432,11482.153089972606,"Illinois","04000US17",0.03828679745867998
9,"$80-90k",2018,11683,238385,11745.618360066326,"Illinois","04000US17",0.03988483533001508
9,"$80-90k",2019,12802,260698,12260.730579415953,"Illinois","04000US17",0.04336672779974964
9,"$80-90k",2020,12965,269165,12447.800849222229,"Illinois","04000US17",0.04496968244970284
9,"$80-90k",2021,14222,299950,13107.10246880186,"Illinois","04000US17",0.04980004439583888
9,"$80-90k",2022,14363,298193,13071.153119262444,"Illinois","04000US17",0.0494371378441553
9,"$80-90k",2023,15137,313403,13381.861267969716,"Illinois","04000US17",0.05206102543623532
10,"$90-100k",2014,7322,151946,9443.40807308523,"Illinois","04000US17",0.026314449584897898
10,"$90-100k",2015,7226,150849,9411.475142519797,"Illinois","04000US17",0.025855357810700846
10,"$90-100k",2016,7295,149646,9376.031988643856,"Illinois","04000US17",0.025406454719275363
10,"$90-100k",2017,8067,164820,9828.098104438537,"Illinois","04000US17",0.02774644710128581
10,"$90-100k",2018,8614,175193,10124.485462474884,"Illinois","04000US17",0.029312011896601427
10,"$90-100k",2019,8873,180351,10268.798967880683,"Illinois","04000US17",0.03000112285254451
10,"$90-100k",2020,9382,192379,10593.992097313932,"Illinois","04000US17",0.03214096386971331
10,"$90-100k",2021,8968,186090,10426.089374335472,"Illinois","04000US17",0.030896116891554117
10,"$90-100k",2022,10555,220796,11323.28469520227,"Illinois","04000US17",0.03660556179198745
10,"$90-100k",2023,12194,257243,12183.254434546137,"Illinois","04000US17",0.04273199160918525
11,"$100-110k",2014,6846,142429,9150.621534654216,"Illinois","04000US17",0.024666267884165576
11,"$100-110k",2015,7023,146552,9279.96778397649,"Illinois","04000US17",0.025118856590854634
11,"$100-110k",2016,7630,157371,9608.519162750874,"Illinois","04000US17",0.026717982342508877
11,"$100-110k",2017,8065,165711,9853.866953396246,"Illinois","04000US17",0.02789644154593601
11,"$100-110k",2018,8728,179566,10246.201764829759,"Illinois","04000US17",0.030043670284915103
11,"$100-110k",2019,9224,188856,10500.471876259315,"Illinois","04000US17",0.03141591705862538
11,"$100-110k",2020,9406,193859,10633.306053737904,"Illinois","04000US17",0.03238822904172884
11,"$100-110k",2021,10002,209499,11040.23436950583,"Illinois","04000US17",0.034782662113298383
11,"$100-110k",2022,9455,194535,10652.580504242918,"Illinois","04000US17",0.03225177522783147
11,"$100-110k",2023,10514,218296,11261.002936395465,"Illinois","04000US17",0.03626230000551503
12,"$110-120k",2014,3084,62381,6098.76991538883,"Illinois","04000US17",0.010803322756476087
12,"$110-120k",2015,3369,68383,6382.468305240283,"Illinois","04000US17",0.011720773310854934
12,"$110-120k",2016,3626,73510,6614.862967663049,"Illinois","04000US17",0.012480310107947637
12,"$110-120k",2017,3781,76070,6727.949721210861,"Illinois","04000US17",0.012805923012952383
12,"$110-120k",2018,4265,86095,7151.761397933305,"Illinois","04000US17",0.014404785946001837
12,"$110-120k",2019,4504,92218,7398.19345945608,"Illinois","04000US17",0.01534032828881431
12,"$110-120k",2020,4511,94716,7495.882173993915,"Illinois","04000US17",0.015824302724745245
12,"$110-120k",2021,5431,114160,8216.303682875172,"Illinois","04000US17",0.018953735850071568
12,"$110-120k",2022,9141,191491,10571.663779748822,"Illinois","04000US17",0.0317471133222951
12,"$110-120k",2023,7679,162023,9748.517932919565,"Illinois","04000US17",0.026914495152424053
13,"$120-130k",2014,3108,62888,6123.231785423539,"Illinois","04000US17",0.010891126488983317
13,"$120-130k",2015,3434,69923,6453.073535490632,"Illinois","04000US17",0.01198472766937557
13,"$120-130k",2016,3913,79295,6866.801067753234,"Illinois","04000US17",0.013462470276284966
13,"$120-130k",2017,4157,83799,7056.820269088353,"Illinois","04000US17",0.014107053274121161
13,"$120-130k",2018,4379,87549,7211.00907089445,"Illinois","04000US17",0.014648058595580635
13,"$120-130k",2019,4799,96129,7550.948781539373,"Illinois","04000US17",0.015990917370528865
13,"$120-130k",2020,4479,92621,7413.836815387517,"Illinois","04000US17",0.015474288849493532
13,"$120-130k",2021,4980,103678,7836.960721844569,"Illinois","04000US17",0.017213432248280657
13,"$120-130k",2022,4476,93476,7447.890358615601,"Illinois","04000US17",0.015497298384335851
13,"$120-130k",2023,5568,112320,8151.048631444889,"Illinois","04000US17",0.018658067654100156
14,"$130-140k",2014,2189,45496,5216.072979615765,"Illinois","04000US17",0.007879129416467132
14,"$130-140k",2015,2013,42125,5020.779930935804,"Illinois","04000US17",0.007220180099143999
14,"$130-140k",2016,2038,41856,5005.010833751852,"Illinois","04000US17",0.007106187727904452
14,"$130-140k",2017,2450,49843,5458.170863169751,"Illinois","04000US17",0.008390766671941443
14,"$130-140k",2018,2807,56881,5827.494900653785,"Illinois","04000US17",0.009516913054120803
14,"$130-140k",2019,2821,56031,5784.362412453208,"Illinois","04000US17",0.009320674210572281
14,"$130-140k",2020,3451,68335,6381.209023990322,"Illinois","04000US17",0.01141680103356842
14,"$130-140k",2021,4179,86963,7187.600485341478,"Illinois","04000US17",0.014438277248859264
14,"$130-140k",2022,4971,102720,7801.397886468962,"Illinois","04000US17",0.017029852475918723
14,"$130-140k",2023,4976,103354,7824.883811294395,"Illinois","04000US17",0.01716867810115623
15,"$140-150k",2014,1308,26830,4012.1186650659342,"Illinois","04000US17",0.004646497323804579
15,"$140-150k",2015,1319,27325,4048.8850870706056,"Illinois","04000US17",0.004683475874400232
15,"$140-150k",2016,1547,31173,4323.264069162908,"Illinois","04000US17",0.005292459624473564
15,"$140-150k",2017,1610,32950,4444.210426678442,"Illinois","04000US17",0.005546932605189707
15,"$140-150k",2018,1862,37755,4755.387915699214,"Illinois","04000US17",0.006316890567295422
15,"$140-150k",2019,1958,40443,4920.742248390523,"Illinois","04000US17",0.006727633401120358
15,"$140-150k",2020,2306,48129,5364.448086917169,"Illinois","04000US17",0.00804096315130774
15,"$140-150k",2021,2614,52818,5617.629804469046,"Illinois","04000US17",0.008769257359224597
15,"$140-150k",2022,3389,71480,6524.967242589647,"Illinois","04000US17",0.011850602170742509
15,"$140-150k",2023,3810,79070,6858.190742647816,"Illinois","04000US17",0.0131347347703855
16,"$150-160k",2014,1624,33502,4480.707293249108,"Illinois","04000US17",0.005801973661651174
16,"$150-160k",2015,1874,39094,4838.044784965818,"Illinois","04000US17",0.0067006699298738405
16,"$150-160k",2016,2190,45892,5238.955902017327,"Illinois","04000US17",0.007791407855719398
16,"$150-160k",2017,2444,50641,5501.318080306676,"Illinois","04000US17",0.008525105130786402
16,"$150-160k",2018,2271,46758,5288.070717598026,"Illinois","04000US17",0.007823206704955617
16,"$150-160k",2019,2435,48829,5403.0957535961725,"Illinois","04000US17",0.008122632132712854
16,"$150-160k",2020,2333,48537,5386.95279968718,"Illinois","04000US17",0.008109128144674184
16,"$150-160k",2021,2289,48433,5381.36259466587,"Illinois","04000US17",0.008041225371640821
16,"$150-160k",2022,3159,63701,6163.713043185845,"Illinois","04000US17",0.010560929055378686
16,"$150-160k",2023,3348,68742,6400.176471218228,"Illinois","04000US17",0.011419096213302645
17,"$160-170k",2014,1259,25034,3876.1127592520957,"Illinois","04000US17",0.004335460827585682
17,"$160-170k",2015,1128,22343,3662.792575967962,"Illinois","04000US17",0.003829566384692567
17,"$160-170k",2016,1002,19817,3450.3400224768166,"Illinois","04000US17",0.0033644715740606492
17,"$160-170k",2017,1068,21871,3624.166151455398,"Illinois","04000US17",0.0036818501671655257
17,"$160-170k",2018,1427,29139,4180.717554852177,"Illinois","04000US17",0.004875324440217754
17,"$160-170k",2019,1743,35681,4623.816108513037,"Illinois","04000US17",0.0059354817245351596
17,"$160-170k",2020,1867,38348,4792.370810699901,"Illinois","04000US17",0.0064068410921969965
17,"$160-170k",2021,2376,48509,5385.548844138893,"Illinois","04000US17",0.008053843485906811
17,"$160-170k",2022,2057,41112,4961.053788580778,"Illinois","04000US17",0.006815919927861863
17,"$160-170k",2023,2731,56421,5804.306831506253,"Illinois","04000US17",0.009372389913746304
18,"$170-180k",2014,786,16342,3134.0933654668474,"Illinois","04000US17",0.002830155022945003
18,"$170-180k",2015,856,18152,3302.6332669050785,"Illinois","04000US17",0.0031112334518614095
18,"$170-180k",2016,853,17843,3274.5368866119807,"Illinois","04000US17",0.0030293316998518524
18,"$170-180k",2017,703,13752,2875.771646737759,"Illinois","04000US17",0.002315065771974775
18,"$170-180k",2018,840,16931,3190.0688925129075,"Illinois","04000US17",0.00283277113481337
18,"$170-180k",2019,1103,22004,3635.208183298936,"Illinois","04000US17",0.0036603329465730123
18,"$170-180k",2020,1216,25215,3890.3398079588023,"Illinois","04000US17",0.004212696832683511
18,"$170-180k",2021,1172,24205,3812.0000144046408,"Illinois","04000US17",0.004018703365898583
18,"$170-180k",2022,2360,49293,5428.5708899107,"Illinois","04000US17",0.008172240246256441
18,"$170-180k",2023,2176,45111,5194.9651455011,"Illinois","04000US17",0.00749362615690983
19,"$180-190k",2014,758,15010,3003.9998103694675,"Illinois","04000US17",0.0025994753943461325
19,"$180-190k",2015,819,16858,3183.0938283416945,"Illinois","04000US17",0.0028894432311304345
19,"$180-190k",2016,798,16440,3143.538116356276,"Illinois","04000US17",0.002791134514687242
19,"$180-190k",2017,990,20407,3501.201211645689,"Illinois","04000US17",0.0034353946486830452
19,"$180-190k",2018,1005,20719,3527.8092447516033,"Illinois","04000US17",0.003466551600153459
19,"$180-190k",2019,1116,22424,3669.6089303383546,"Illinois","04000US17",0.003730199327120216
19,"$180-190k",2020,1037,21387,3584.036339491581,"Illinois","04000US17",0.0035731488066865847
19,"$180-190k",2021,1229,26252,3969.2407197629664,"Illinois","04000US17",0.004358562311983872
19,"$180-190k",2022,1418,28681,4147.982413848948,"Illinois","04000US17",0.004754996094838639
19,"$180-190k",2023,1817,37539,4741.9588584809835,"Illinois","04000US17",0.0062358012968951725
20,"$190-200k",2014,531,11415,2620.4930790063972,"Illinois","04000US17",0.0019768828531952767
20,"$190-200k",2015,470,10331,2493.222807642851,"Illinois","04000US17",0.001770722388231612
20,"$190-200k",2016,532,11648,2647.1014877439393,"Illinois","04000US17",0.0019775629456859484
20,"$190-200k",2017,556,11751,2658.7786552161397,"Illinois","04000US17",0.0019782095612620406
20,"$190-200k",2018,634,12877,2783.0035556611906,"Illinois","04000US17",0.0021544854942408464
20,"$190-200k",2019,699,14637,2966.6849662381196,"Illinois","04000US17",0.002434843362070041
20,"$190-200k",2020,807,16906,3187.726039260915,"Illinois","04000US17",0.0028245033770909153
20,"$190-200k",2021,889,17977,3286.883287851059,"Illinois","04000US17",0.002984682107364546
20,"$190-200k",2022,916,19637,3434.821960684269,"Illinois","04000US17",0.0032555998157088786
20,"$190-200k",2023,1048,21002,3551.781068461173,"Illinois","04000US17",0.003488752999211285
21,"$200k+",2014,6039,119105,8385.207805943923,"Illinois","04000US17",0.02062694982302439
21,"$200k+",2015,6352,125582,8606.23909627198,"Illinois","04000US17",0.02152462094268728
21,"$200k+",2016,6917,134648,8905.392740547193,"Illinois","04000US17",0.02286013869425838
21,"$200k+",2017,7621,148025,9327.443260584168,"Illinois","04000US17",0.024919110740006262
21,"$200k+",2018,8221,159682,9678.818554232617,"Illinois","04000US17",0.02671682477994617
21,"$200k+",2019,8919,172230,10041.925279555848,"Illinois","04000US17",0.028650206480106796
21,"$200k+",2020,9268,182485,10326.780531981702,"Illinois","04000US17",0.030487962780577055
21,"$200k+",2021,10285,207930,11000.298989369956,"Illinois","04000US17",0.0345221644648334
21,"$200k+",2022,12098,244657,11894.937454845938,"Illinois","04000US17",0.04056145460670607
21,"$200k+",2023,12991,263217,12317.519870474602,"Illinois","04000US17",0.043724364260232206
